date,run_ts,commence,sport,away,home,market,side,point,price,units,units_reason,rec_type,grade,gap,tickets,money,num_bets,contrarian,steam,steam_delta,has_value,ev,fair,fair_mult,anchor,nb,pin_price,pin_opp,ex_back,ex_lay,ex_mid,mlb_gamePk,venue,day_night,double_header,probable_away,probable_away_id,probable_home,probable_home_id,wx_condition,wx_temp_f,wx_wind,roof,park_rf_approx,om_temp_f,om_wind_kph,om_wind_dir_deg,pin_age_min,bo_price,best_price,best_book,an_ml,probable_changed,probable_changed_post_log,kalshi_ticker,kalshi_bid,kalshi_ask,kalshi_n,kalshi_ev_taker,kalshi_ev_maker,poly_mid,poly_bid,poly_ask,poly_ev_mid,exec_best_venue,exec_best_ev,close_price,close_fair,close_anchor,close_point,close_ts,close_obs,close_line_moved,clv,clv_fair,clv_measured,shadow,shadow_kind,hours_to_game,result,void_reason,units_pl,model_version,event_id
2026-06-30,,,MLB,Los Angeles Angels,Seattle Mariners,Moneyline,Los Angeles Angels,,157,1.5,,,,,,,,,,,,,,,,,,,,,,,,,,,,,,,,,,,,,,,,,,,,,,,,,,,,,,,,,190,,,,,,,-11.38,,,,,,loss,,-1.5,,
2026-06-30,,,MLB,Chicago White Sox,Baltimore Orioles,Moneyline,Chicago White Sox,,128,1.0,,,,,,,,,,,,,,,,,,,,,,,,,,,,,,,,,,,,,,,,,,,,,,,,,,,,,,,,,,,,,,,,,,,,,,win,,1.28,,
2026-06-30,,,MLB,New York Mets,Toronto Blue Jays,Moneyline,New York Mets,,-102,1.0,,,,,,,,,,,,,,,,,,,,,,,,,,,,,,,,,,,,,,,,,,,,,,,,,,,,,,,,,,,,,,,,,,,,,,win,,0.98,,
2026-06-30,,,MLB,San Diego Padres,Chicago Cubs,Moneyline,San Diego Padres,,128,1.0,,,,,,,,,,,,,,,,,,,,,,,,,,,,,,,,,,,,,,,,,,,,,,,,,,,,,,,,,,,,,,,,,,,,,,loss,,-1.0,,
2026-07-02,,,MLB,Pittsburgh Pirates,Philadelphia Phillies,Moneyline,Pittsburgh Pirates,,112,1.0,,,A,24,,,,True,True,,False,,,,,,,,,,,,,,,,,,,,,,,,,,,,,,,,,,,,,,,,,,,,,,,,,,,,,,,,,,0.56,win,,1.12,2026-07-02.v9-ridgeseeker,
2026-07-03,,2026-07-04T01:40:00Z,MLB,Miami Marlins,Athletics,Moneyline,Miami Marlins,,119,1.0,,,A,25,,,,False,True,,False,,,,,,,,,,,,,,,,,,,,,,,,,,,,,,,,,,,,,,,,,,,,,,-128,,,,,,,22.95,,,,,9.0,win,,1.19,2026-07-02.v10-audit1,5434f34b7e8232a7091f0e3efdd4a175
2026-07-05,2026-07-05T16:14:45.188096+00:00,2026-07-05T20:00:00Z,MLB,San Francisco Giants,Colorado Rockies,Moneyline,Colorado Rockies,,100,1.5,"Elite sharp signal (no price edge, so not 2u)",sharp,S,34,34,68,6199,True,True,2.2,False,,0.4773345302216894,0.47799865981684164,pinnacle,28,105,-114,106,114,0.4764,,,,,,,,,,,,,,,,,,104,105,Pinnacle,,,,,,,,,,0.485,0.48,0.49,-0.0158,polymarket,-0.0158,100,0.4773345302216894,pinnacle,,2026-07-05T16:14:45.188096+00:00,0,,0.0,-4.53,False,,,3.75,win,,1.5,2026-07-04.v13-research1,a2dde9d9ca56dc238d564ace87b244f0
2026-07-06,2026-07-06T23:32:08.082906+00:00,2026-07-06T23:46:00Z,mlb,Milwaukee Brewers,St. Louis Cardinals,Moneyline,Milwaukee Brewers,,-124,0.0,,,D,6,75,81,14999,False,False,-8.6,False,-0.055830119110148124,0.5226654697783109,0.5220013401831584,pinnacle,28,-114,105,,,,,,,,,,,,,,,,,,,,0.2,,,,,,,,,,,,,,,,,,,-125,0.524955407254382,pinnacle,,2026-07-06T23:44:45.835709+00:00,1,,0.36,-5.17,True,True,sharp,0.23,win,,0.0,2026-07-04.v13-research1,e5295ada7ac0d16be6bf67d6a4a2923b
2026-07-06,2026-07-06T23:32:08.082906+00:00,2026-07-07T01:41:00Z,mlb,Arizona Diamondbacks,San Diego Padres,Moneyline,San Diego Padres,,-130,0.0,,,D,7,74,81,11521,False,True,2.7,False,-0.04393563947120671,0.540384203777144,0.539285269580376,pinnacle,28,-122,113,,,,,,,,,,,,,,,,,,,,0.2,,,,,,,,,,,,,,,,,,,-118,0.5168715068812907,pinnacle,,2026-07-07T17:22:38.644980+00:00,2,,-4.23,-8.55,True,True,sharp,2.15,loss,,-0.0,2026-07-04.v13-research1,d1ba74caa5492c9e300650c9ba7bebab
2026-07-07,2026-07-07T17:22:38.645923+00:00,2026-07-07T18:16:00Z,mlb,Milwaukee Brewers,St. Louis Cardinals,Moneyline,Milwaukee Brewers,,-230,0.0,,,D,9,78,87,1055,False,True,3.4,False,-0.04398113394433567,0.6663161793721297,0.6612108412530799,pinnacle,27,-208,189,,,,,,,,,,,,,,,,,,,,0.1,,,,,,,,,,,,,,,,,,,-230,0.6663161793721297,pinnacle,,2026-07-07T17:22:38.645923+00:00,0,,0.0,-4.4,False,True,sharp,0.89,win,,0.0,2026-07-04.v13-research1,6611ecd500747b1f1aebe1ea49f9d00a
2026-07-07,2026-07-07T17:22:38.645923+00:00,2026-07-07T22:36:00Z,mlb,Chicago Cubs,Baltimore Orioles,Moneyline,Chicago Cubs,,-113,0.0,,,D,7,68,75,6361,False,True,2.8,False,-0.043809535580379366,0.5072747534244936,0.5070731362286036,pinnacle,28,-107,-101,,,,,,,,,,,,,,,,,,,,0.1,,,,,,,,,,,,,,,,,,,107,0.46175768651594523,pinnacle,,2026-07-08T16:44:08.880582+00:00,1,,-8.94,-12.96,True,True,sharp,5.22,win,,0.0,2026-07-04.v13-research1,a250fe250560caa8b56cd4e061c8e7b0
2026-07-07,2026-07-07T17:22:38.645923+00:00,2026-07-07T22:41:00Z,mlb,Atlanta Braves,Pittsburgh Pirates,Moneyline,Atlanta Braves,,125,0.0,,,B,13,40,53,6028,False,True,2.0,False,-0.0496887903474873,0.42236053762333897,0.42454650714010034,pinnacle,28,131,-142,,,,,,,,,,,,,,,,,,,,0.1,,,,,,,,,,,,,,,,,,,-102,0.4819819753963075,pinnacle,,2026-07-08T16:44:08.880600+00:00,2,,13.61,8.45,True,True,sharp,5.31,loss,,-0.0,2026-07-04.v13-research1,e38e52ed47e9148a67603013c94f7295
2026-07-07,2026-07-07T17:22:38.645923+00:00,2026-07-07T22:41:00Z,mlb,Seattle Mariners,Miami Marlins,Moneyline,Miami Marlins,,-130,0.0,,,D,30,57,87,6941,False,True,2.0,False,-0.051550454820892155,0.5360801777099305,0.5350803043110736,pinnacle,28,-120,111,,,,,,,,,,,,,,,,,,,,0.1,,,,,,,,,,,,,,,,,,,107,0.46069134939153067,pinnacle,,2026-07-08T16:44:08.880609+00:00,2,,-14.53,-18.49,True,True,sharp,5.31,win,,0.0,2026-07-04.v13-research1,157306fb8124249fa8e55016561ce711
2026-07-07,2026-07-07T17:22:38.645923+00:00,2026-07-07T22:46:00Z,mlb,Houston Astros,Washington Nationals,Moneyline,Washington Nationals,,-122,0.0,,,D,12,58,70,6270,False,True,1.9,False,-0.04062652505756703,0.5272232610044001,0.526440410418311,pinnacle,28,-116,107,,,,,,,,,,,,,,,,,,,,0.1,,,,,,,,,,,,,,,,,,,-121,0.5261099052623018,pinnacle,,2026-07-07T22:36:56.350219+00:00,1,,-0.37,-4.27,True,True,sharp,5.39,win,,0.0,2026-07-04.v13-research1,a11dc5b41df437e869c4abe72abced1f
2026-07-07,2026-07-07T17:22:38.645923+00:00,2026-07-07T23:10:00Z,mlb,Philadelphia Phillies,Cincinnati Reds,Moneyline,Philadelphia Phillies,,-175,0.0,,,D,22,61,83,5785,False,True,2.6,False,-0.03762469311919037,0.6124206498332425,0.6092593688946777,pinnacle,28,-164,151,,,,,,,,,,,,,,,,,,,,0.1,,,,,,,,,,,,,,,,,,,120,0.4334536419793839,pinnacle,,2026-07-08T16:44:08.880616+00:00,2,,-28.57,-31.89,True,True,sharp,5.79,win,,0.0,2026-07-04.v13-research1,7b7ae2c411b9b8122144d502c0bd1757
2026-07-07,2026-07-07T17:22:38.645923+00:00,2026-07-07T23:11:00Z,mlb,Kansas City Royals,New York Mets,Moneyline,New York Mets,,-149,0.0,,,D,15,56,71,4331,False,True,2.9,False,-0.03468304609537831,0.5776394623766612,0.5754534928598997,pinnacle,28,-142,131,,,,,,,,,,,,,,,,,,,,0.1,,,,,,,,,,,,,,,,,,,-180,0.6191732819481306,pinnacle,,2026-07-08T16:44:08.880622+00:00,2,,7.43,3.47,True,True,sharp,5.81,loss,,-0.0,2026-07-04.v13-research1,288b4514ed237def0df905ead634d530
2026-07-07,2026-07-07T17:22:38.645923+00:00,2026-07-07T23:41:00Z,mlb,Cleveland Guardians,Minnesota Twins,Moneyline,Minnesota Twins,,-114,0.0,,,D,6,52,58,3978,False,True,2.7,False,-0.04319371065358246,0.5097005466611757,0.509433962264151,pinnacle,28,-108,100,,,,,,,,,,,,,,,,,,,,0.1,,,,,,,,,,,,,,,,,,,-119,0.5203531204742783,pinnacle,,2026-07-08T16:44:08.880627+00:00,3,,2.0,-2.32,True,True,sharp,6.31,win,,0.0,2026-07-04.v13-research1,a21ff3f3e886298451df6978c4be743c
2026-07-07,2026-07-07T17:22:38.645923+00:00,2026-07-07T23:46:00Z,mlb,Milwaukee Brewers,St. Louis Cardinals,Moneyline,Milwaukee Brewers,,-120,0.0,,,D,9,78,87,1055,False,True,3.4,False,-0.041779972073096694,0.5226654697783109,0.5220013401831584,pinnacle,26,-114,105,,,,,,,,,,,,,,,,,,,,0.1,,,,,,,,,,,,,,,,,,,-108,0.4975753321669121,pinnacle,,2026-07-07T22:36:56.350246+00:00,1,,-4.81,-8.78,True,True,sharp,6.39,win,,0.0,2026-07-04.v13-research1,53966d4de4d1da8972c6564664409a9b
2026-07-07,2026-07-07T17:22:38.645923+00:00,2026-07-08T00:06:00Z,mlb,Los Angeles Angels,Texas Rangers,Moneyline,Texas Rangers,,-165,0.0,,,D,7,67,74,4604,False,True,2.1,False,-0.0313876618871638,0.6030982482589358,0.6000620058905596,pinnacle,28,-158,145,,,,,,,,,,,,,,,,,,,,0.1,,,,,,,,,,,,,,,,,,,-150,0.5794328328432699,pinnacle,,2026-07-08T16:44:08.880633+00:00,3,,-3.64,-6.94,True,True,sharp,6.72,win,,0.0,2026-07-04.v13-research1,c6ef398cb6827a8a660c67c3f3e6dbd5
2026-07-07,2026-07-07T22:36:56.352494+00:00,2026-07-07T22:41:00Z,mlb,New York Yankees,Tampa Bay Rays,Moneyline,Tampa Bay Rays,,-138,0.0,,,D,11,58,69,11127,False,True,4.6,False,-0.048307732626185595,0.5518215667965815,0.5503313348059325,pinnacle,28,-128,118,,,,,,,,,,,,,,,,,,,,0.1,,,,,,,,,,,,,,,,,,,-138,0.5518215667965815,pinnacle,,2026-07-07T22:36:56.352494+00:00,0,,0.0,-4.83,False,True,sharp,0.07,loss,,-0.0,2026-07-04.v13-research1,e3cd1f3a8c40c74e867b7713af7e6365
2026-07-07,2026-07-07T22:36:56.352494+00:00,2026-07-08T01:41:00Z,mlb,Arizona Diamondbacks,San Diego Padres,Moneyline,San Diego Padres,,-120,0.0,,,D,14.2,56,70,8784,False,False,-3.4,False,-0.0438512230612762,0.5215356965120311,0.5209715506578209,pinnacle,28,-113,105,,,,,,,,,,,,,,,,,,,,0.1,,,,,,,,,,,,,,,,,,,-119,0.5203531204742783,pinnacle,,2026-07-07T23:36:15.998626+00:00,1,,-0.38,-4.6,True,True,sharp,3.07,loss,,-0.0,2026-07-04.v13-research1,622a46f12d0dc3b057125b0b59f00507
2026-07-08,2026-07-08T16:44:08.882996+00:00,2026-07-08T23:41:00Z,MLB,Cleveland Guardians,Minnesota Twins,Moneyline,Cleveland Guardians,,-101,1.0,Single sharp signal,sharp,A,35,42,77,4195,False,True,1.9,False,,0.479646879525722,0.48024891774891776,pinnacle,28,104,-113,108,116,0.4719,,,,,,,,,,,,,,,,,,104,110,1xBet,,,,,,,,,,0.495,0.49,0.5,-0.031,betonline,-0.0215,107,0.4596157962228559,pinnacle,,2026-07-08T22:32:18.434517+00:00,1,,-3.86,-8.53,True,,,6.95,loss,,-1.0,2026-07-04.v13-research1,f69a7dce841f22ee977afebfd8dfc142
2026-07-08,2026-07-08T16:44:08.882996+00:00,2026-07-09T02:11:00Z,MLB,Arizona Diamondbacks,San Diego Padres,Moneyline,Arizona Diamondbacks,,118,1.0,Single sharp signal,sharp,A,20,16,36,3730,True,True,1.5,False,,0.43728330221660283,0.43917270372733763,pinnacle,28,123,-134,126,136,0.4331,,,,,,,,,,,,,,,,,,125,133,Unibet (SE),,,,,,,,,,0.475,0.47,0.48,-0.0794,betonline,-0.0161,107,0.46175768651594523,pinnacle,,2026-07-09T17:24:19.523799+00:00,3,,5.31,0.66,True,,,9.45,loss,,-1.0,2026-07-04.v13-research1,8c0695707371420ef6b1cf89c2d1b262
2026-07-08,2026-07-08T16:44:08.882996+00:00,2026-07-08T22:41:00Z,mlb,Atlanta Braves,Pittsburgh Pirates,Moneyline,Atlanta Braves,,-102,0.0,,,B,24,49,73,5356,False,True,2.1,False,-0.045486676175940044,0.4819819753963075,0.4825200291332848,pinnacle,28,103,-112,,,,,,,,,,,,,,,,,,,,0.4,,,,,,,,,,,,,,,,,,,103,0.46830600245237236,pinnacle,,2026-07-08T22:32:18.434541+00:00,1,,-2.44,-7.26,True,True,sharp,5.95,loss,,-0.0,2026-07-04.v13-research1,f30eb3060b32a01dced2737d2398b918
2026-07-08,2026-07-08T16:44:08.882996+00:00,2026-07-08T22:41:00Z,mlb,Seattle Mariners,Miami Marlins,Moneyline,Miami Marlins,,107,0.0,,,C,10,37,47,4266,False,False,1.4,False,-0.046368906759531425,0.46069134939153067,0.461884154460719,pinnacle,28,112,-122,,,,,,,,,,,,,,,,,,,,0.4,,,,,,,,,,,,,,,,,,,106,0.46069134939153067,pinnacle,,2026-07-08T22:32:18.434547+00:00,1,,0.49,-4.64,True,True,sharp,5.95,win,,0.0,2026-07-04.v13-research1,ee87ced2d6a2acedec0ca6c9d37dde8c
2026-07-08,2026-07-08T16:44:08.882996+00:00,2026-07-08T22:41:00Z,mlb,New York Yankees,Tampa Bay Rays,Moneyline,Tampa Bay Rays,,-118,0.0,,,D,6,63,69,5376,False,True,2.9,False,-0.045101792371852856,0.5168715068812907,0.5164210574565122,pinnacle,28,-111,103,,,,,,,,,,,,,,,,,,,,0.4,,,,,,,,,,,,,,,,,,,-121,0.5192150162197978,pinnacle,,2026-07-08T22:32:18.434552+00:00,1,,1.15,-4.08,True,True,sharp,5.95,win,,0.0,2026-07-04.v13-research1,79b379f1dea98a6b1596852f00534a6c
2026-07-08,2026-07-08T16:44:08.882996+00:00,2026-07-08T22:46:00Z,mlb,Houston Astros,Washington Nationals,Moneyline,Washington Nationals,,-139,0.0,,,D,15,63,78,5740,False,True,2.3,False,-0.037484910230846546,0.559789110786244,0.5581289044644218,pinnacle,28,-132,122,,,,,,,,,,,,,,,,,,,,0.4,,,,,,,,,,,,,,,,,,,-136,0.553840628646579,pinnacle,,2026-07-08T22:32:18.434558+00:00,1,,-0.91,-4.77,True,True,sharp,6.03,win,,0.0,2026-07-04.v13-research1,673394fe5878e43a0bdc2feb5f6634d3
2026-07-08,2026-07-08T16:44:08.882996+00:00,2026-07-08T23:11:00Z,mlb,Kansas City Royals,New York Mets,Moneyline,Kansas City Royals,,148,0.0,,,D,7,23,30,2524,True,True,1.8,False,-0.055549739231363304,0.38082671805186963,0.38431316522608755,pinnacle,28,155,-169,,,,,,,,,,,,,,,,,,,,0.4,,,,,,,,,,,,,,,,,,,166,0.35284000092240514,pinnacle,,2026-07-08T22:32:18.434563+00:00,1,,-6.77,-12.5,True,True,sharp,6.45,win,,0.0,2026-07-04.v13-research1,fa2f6fc2aee410abafe5d685acfde5f3
2026-07-08,2026-07-08T16:44:08.882996+00:00,2026-07-08T23:41:00Z,mlb,Boston Red Sox,Chicago White Sox,Moneyline,Chicago White Sox,,-114,0.0,,,C,9,48,57,4978,False,True,2.7,False,-0.045530408727731175,0.5084557635749469,0.5081936510909262,pinnacle,28,-108,-101,,,,,,,,,,,,,,,,,,,,0.4,,,,,,,,,,,,,,,,,,,-112,0.5048495231106692,pinnacle,,2026-07-08T22:32:18.434567+00:00,1,,-0.83,-5.23,True,True,sharp,6.95,loss,,-0.0,2026-07-04.v13-research1,e8175b3e1d8e51c76f4fad9075a7d707
2026-07-08,2026-07-08T16:44:08.882996+00:00,2026-07-08T23:41:00Z,mlb,Cleveland Guardians,Minnesota Twins,Moneyline,Cleveland Guardians,,-101,0.0,,,A,35,42,77,4195,False,True,1.9,False,-0.04545521995376123,0.479646879525722,0.48024891774891776,pinnacle,28,104,-113,,,,,,,,,,,,,,,,,,,,0.4,,,,,,,,,,,,,,,,,,,107,0.4596157962228559,pinnacle,,2026-07-08T22:32:18.434572+00:00,1,,-3.86,-8.53,True,True,sharp,6.95,loss,,-0.0,2026-07-04.v13-research1,f69a7dce841f22ee977afebfd8dfc142
2026-07-08,2026-07-08T16:44:08.882996+00:00,2026-07-08T23:46:00Z,mlb,Milwaukee Brewers,St. Louis Cardinals,Moneyline,Milwaukee Brewers,,-147,0.0,,,D,14,79,93,4978,False,True,2.8,False,-0.03860626886347762,0.5721654999071611,0.5700820261908188,pinnacle,28,-139,128,,,,,,,,,,,,,,,,,,,,0.4,,,,,,,,,,,,,,,,,,,-139,0.5578241530505949,pinnacle,,2026-07-09T17:24:19.523820+00:00,3,,-2.28,-6.27,True,True,sharp,7.03,loss,,-0.0,2026-07-04.v13-research1,e885d80c0e3339f69c0a7c1b898c173e
2026-07-08,2026-07-08T16:44:08.882996+00:00,2026-07-09T00:06:00Z,mlb,Los Angeles Angels,Texas Rangers,Moneyline,Los Angeles Angels,,126,0.0,,,B,13,20,33,3317,True,False,1.3,False,-0.04951820222578962,0.4205671671567303,0.4227851625026098,pinnacle,28,132,-143,,,,,,,,,,,,,,,,,,,,0.4,,,,,,,,,,,,,,,,,,,114,0.446159371353421,pinnacle,,2026-07-08T22:32:18.434586+00:00,1,,5.61,0.83,True,True,sharp,7.36,loss,,-0.0,2026-07-04.v13-research1,88cb3f823f958bc6b24e7f918541e63f
2026-07-08,2026-07-08T16:44:08.882996+00:00,2026-07-09T02:11:00Z,mlb,Arizona Diamondbacks,San Diego Padres,Moneyline,Arizona Diamondbacks,,118,0.0,,,A,20,16,36,3730,True,True,1.5,False,-0.046722401167805905,0.43728330221660283,0.43917270372733763,pinnacle,28,123,-134,,,,,,,,,,,,,,,,,,,,0.4,,,,,,,,,,,,,,,,,,,107,0.46175768651594523,pinnacle,,2026-07-09T17:24:19.523828+00:00,3,,5.31,0.66,True,True,sharp,9.45,loss,,-0.0,2026-07-04.v13-research1,8c0695707371420ef6b1cf89c2d1b262
2026-07-08,2026-07-08T16:44:08.882996+00:00,2026-07-09T02:11:00Z,mlb,Colorado Rockies,Los Angeles Dodgers,Moneyline,Colorado Rockies,,200,0.0,,,C,10,10,20,4190,True,True,1.7,False,-0.06585465045984806,0.31138178318005066,0.3175120865628117,pinnacle,27,208,-231,,,,,,,,,,,,,,,,,,,,0.4,,,,,,,,,,,,,,,,,,,225,0.28758059651775775,pinnacle,,2026-07-08T23:44:41.363167+00:00,2,,-7.69,-13.73,True,True,sharp,9.45,loss,,-0.0,2026-07-04.v13-research1,49de1a8b7d85007610fb077c920e206a
2026-07-08,2026-07-08T22:32:18.438347+00:00,2026-07-08T22:41:00Z,MLB,Atlanta Braves,Pittsburgh Pirates,Moneyline,Atlanta Braves,,103,1.0,Single sharp signal,sharp,A,25,47,72,13636,False,False,-0.8,False,,0.46830600245237236,0.46920063707976417,pinnacle,28,109,-118,112,116,0.4673,,,,,,,,,,,,,,,,,,110,111,GTbets,,,,,,,,,,0.515,0.51,0.52,-0.0907,betonline,-0.0166,103,0.46830600245237236,pinnacle,,2026-07-08T22:32:18.438347+00:00,0,,0.0,-4.93,False,,,0.14,loss,,-1.0,2026-07-04.v13-research1,f30eb3060b32a01dced2737d2398b918
2026-07-09,2026-07-09T17:24:19.527562+00:00,2026-07-10T01:41:00Z,MLB,Arizona Diamondbacks,San Diego Padres,Moneyline,Arizona Diamondbacks,,107,1.5,"Elite sharp signal (no price edge, so not 2u)",sharp,S,30,23,53,4942,True,True,2.5,False,,0.46175768651594523,0.4628078405092981,pinnacle,28,112,-121,112,118,0.4652,,,,,,,,,,,,,,,,,,110,112,Pinnacle,,,,,,,,,,0.465,0.46,0.47,-0.007,polymarket,-0.007,106,0.4661024951609403,pinnacle,,2026-07-09T23:49:53.745004+00:00,2,,0.49,-3.52,True,,,8.28,win,,1.61,2026-07-04.v13-research1,ff7fcfaa73e919c6a69c375313853a91
2026-07-09,2026-07-09T17:24:19.527562+00:00,2026-07-10T01:46:00Z,MLB,Colorado Rockies,San Francisco Giants,Moneyline,Colorado Rockies,,108,1.5,"Elite sharp signal (no price edge, so not 2u)",sharp,S,29,33,62,2690,True,True,1.8,False,,0.4574938653643986,0.45864012175558383,pinnacle,28,114,-123,116,122,0.4567,,,,,,,,,,,,,,,,,,114,118,1xBet,,,,,,,,,,0.405,0.4,0.41,0.1296,polymarket,0.1296,127,0.41878910131371233,pinnacle,,2026-07-10T17:02:37.933410+00:00,3,,-8.37,-12.89,True,,,8.36,loss,,-1.5,2026-07-04.v13-research1,f6d5d25a3b26ed6f4b0aa584e75b872c
2026-07-09,2026-07-09T17:24:19.527562+00:00,2026-07-09T17:36:00Z,mlb,Chicago Cubs,Baltimore Orioles,Moneyline,Baltimore Orioles,,-130,0.0,,,D,7,49,56,15120,False,True,2.6,False,-0.04393563947120671,0.540384203777144,0.539285269580376,pinnacle,28,-122,113,,,,,,,,,,,,,,,,,,,,0.1,,,,,,,,,,,,,,,,,,,-130,0.540384203777144,pinnacle,,2026-07-09T17:24:19.527562+00:00,0,,0.0,-4.39,False,True,sharp,0.19,win,,0.0,2026-07-04.v13-research1,9f1eb41cd2972a08e88069d6c5b4bb6c
2026-07-09,2026-07-09T17:24:19.527562+00:00,2026-07-09T17:41:00Z,mlb,Cleveland Guardians,Minnesota Twins,Moneyline,Cleveland Guardians,,-123,0.0,,,D,6,61,67,10243,False,True,2.4,False,-0.05445154209607361,0.5215356965120311,0.5209715506578209,pinnacle,28,-113,105,,,,,,,,,,,,,,,,,,,,0.1,,,,,,,,,,,,,,,,,,,-123,0.5215356965120311,pinnacle,,2026-07-09T17:24:19.527562+00:00,0,,0.0,-5.45,False,True,sharp,0.28,win,,0.0,2026-07-04.v13-research1,a3b9b93cdd33f60538713d337711afe2
2026-07-09,2026-07-09T17:24:19.527562+00:00,2026-07-09T18:11:00Z,mlb,Boston Red Sox,Chicago White Sox,Moneyline,Chicago White Sox,,-114,0.0,,,B,20,42,62,9612,False,True,2.5,False,-0.04319371065358246,0.5097005466611757,0.509433962264151,pinnacle,28,-108,100,,,,,,,,,,,,,,,,,,,,0.1,,,,,,,,,,,,,,,,,,,-114,0.5097005466611757,pinnacle,,2026-07-09T17:24:19.527562+00:00,0,,0.0,-4.32,False,True,sharp,0.78,loss,,-0.0,2026-07-04.v13-research1,2c1eb8ab560fe810d23f21a2acf7cbe6
2026-07-09,2026-07-09T17:24:19.527562+00:00,2026-07-09T22:41:00Z,mlb,Seattle Mariners,Miami Marlins,Moneyline,Seattle Mariners,,-132,0.0,,,D,7,65,72,8451,False,True,1.7,False,-0.046504369428336356,0.5425061346356017,0.5413598782444161,pinnacle,28,-123,114,,,,,,,,,,,,,,,,,,,,0.1,,,,,,,,,,,,,,,,,,,-132,0.5425061346356017,pinnacle,,2026-07-09T17:24:19.527562+00:00,0,,0.0,-4.65,False,True,sharp,5.28,loss,,-0.0,2026-07-04.v13-research1,83cf12bed561626b784721179f647eb2
2026-07-09,2026-07-09T17:24:19.527562+00:00,2026-07-09T23:11:00Z,mlb,Philadelphia Phillies,Cincinnati Reds,Moneyline,Philadelphia Phillies,,-164,0.0,,,D,10,83,93,7941,False,True,2.8,False,-0.03957516060473287,0.5966275517455447,0.5936910132130403,pinnacle,28,-154,141,,,,,,,,,,,,,,,,,,,,0.1,,,,,,,,,,,,,,,,,,,-181,0.6162199329614026,pinnacle,,2026-07-09T22:49:14.006170+00:00,1,,3.69,-0.8,True,True,sharp,5.78,win,,0.0,2026-07-04.v13-research1,6bfe03bb9d1e3ada87b6238cd7203d64
2026-07-09,2026-07-09T17:24:19.527562+00:00,2026-07-10T01:41:00Z,mlb,Arizona Diamondbacks,San Diego Padres,Moneyline,Arizona Diamondbacks,,107,0.0,,,S,30,23,53,4942,True,True,2.5,False,-0.04416158891199329,0.46175768651594523,0.4628078405092981,pinnacle,28,112,-121,,,,,,,,,,,,,,,,,,,,0.1,,,,,,,,,,,,,,,,,,,106,0.4661024951609403,pinnacle,,2026-07-09T23:49:53.745040+00:00,2,,0.49,-3.52,True,True,sharp,8.28,win,,0.0,2026-07-04.v13-research1,ff7fcfaa73e919c6a69c375313853a91
2026-07-09,2026-07-09T17:24:19.527562+00:00,2026-07-10T01:46:00Z,mlb,Colorado Rockies,San Francisco Giants,Moneyline,Colorado Rockies,,108,0.0,,,S,29,33,62,2690,True,True,1.8,False,-0.04841276004205086,0.4574938653643986,0.45864012175558383,pinnacle,28,114,-123,,,,,,,,,,,,,,,,,,,,0.1,,,,,,,,,,,,,,,,,,,127,0.41878910131371233,pinnacle,,2026-07-10T17:02:37.933432+00:00,3,,-8.37,-12.89,True,True,sharp,8.36,loss,,-0.0,2026-07-04.v13-research1,f6d5d25a3b26ed6f4b0aa584e75b872c
2026-07-09,2026-07-09T22:49:14.009994+00:00,2026-07-09T23:46:00Z,mlb,Milwaukee Brewers,St. Louis Cardinals,Moneyline,Milwaukee Brewers,,-133,0.0,,,D,11,73,84,12313,False,True,2.8,False,-0.040447188108421406,0.5477275707363947,0.5463304962261121,pinnacle,27,-126,116,,,,,,,,,,,,,,,,,,,,0.2,,,,,,,,,,,,,,,,,,,-133,0.5477275707363947,pinnacle,,2026-07-09T22:49:14.009994+00:00,0,,0.0,-4.04,False,True,sharp,0.95,win,,0.0,2026-07-04.v13-research1,cea3285cc6f53d314e7111cbd078141b
2026-07-10,2026-07-10T17:02:37.938266+00:00,2026-07-10T23:16:00Z,MLB,Boston Red Sox,New York Mets,Moneyline,Boston Red Sox,,122,1.0,Single sharp signal,sharp,A,37,51,88,5790,False,True,2.3,False,,0.4259939981622869,0.4281127363539065,pinnacle,28,129,-140,128,136,0.4312,,,,,,,,,,,,,,,,,,131,133,GTbets,,,,,,,,,,0.435,0.43,0.44,-0.0207,betonline,-0.016,130,0.4151835373037916,pinnacle,,2026-07-11T16:00:30.072659+00:00,3,,-3.48,-7.83,True,,,6.22,win,,1.22,2026-07-04.v13-research1,76ab48541c0690199e815574c469d162
2026-07-10,2026-07-10T17:02:37.938266+00:00,2026-07-10T22:41:00Z,mlb,Philadelphia Phillies,Detroit Tigers,Moneyline,Philadelphia Phillies,,-101,0.0,,,D,7,41,48,6154,False,True,52.0,False,-0.04545521995376123,0.479646879525722,0.48024891774891776,pinnacle,28,104,-113,,,,,,,,,,,,,,,,,,,,0.4,,,,,,,,,,,,,,,,,,,-145,0.566546358020616,pinnacle,,2026-07-11T16:00:30.072705+00:00,2,,17.78,12.75,True,True,sharp,5.64,loss,,-0.0,2026-07-04.v13-research1,895dfbfbbb57ff9ecc3cb430a9c69076
2026-07-10,2026-07-10T17:02:37.938266+00:00,2026-07-10T23:06:00Z,mlb,Kansas City Royals,Baltimore Orioles,Moneyline,Baltimore Orioles,,-148,0.0,,,D,8,81,89,4806,False,True,3.4,False,-0.038152105028696814,0.5740060018377132,0.5718872636460934,pinnacle,28,-140,129,,,,,,,,,,,,,,,,,,,,0.4,,,,,,,,,,,,,,,,,,,-155,0.5856195218559939,pinnacle,,2026-07-11T16:00:30.072716+00:00,2,,1.85,-1.87,True,True,sharp,6.06,win,,0.0,2026-07-04.v13-research1,b11bed54d0340b0a1865d2f8d41bb050
2026-07-10,2026-07-10T17:02:37.938266+00:00,2026-07-10T23:11:00Z,mlb,Cleveland Guardians,Miami Marlins,Moneyline,Miami Marlins,,-121,0.0,,,D,12,73,85,6048,False,True,2.0,False,-0.03908852014075459,0.5261099052623018,0.5254386933009602,pinnacle,28,-115,107,,,,,,,,,,,,,,,,,,,,0.4,,,,,,,,,,,,,,,,,,,-152,0.5794328328432699,pinnacle,,2026-07-11T16:00:30.072722+00:00,2,,10.17,5.83,True,True,sharp,6.14,loss,,-0.0,2026-07-04.v13-research1,e1b31472ec00cc3475d077ee22298ef8
2026-07-10,2026-07-10T17:02:37.938266+00:00,2026-07-10T23:11:00Z,mlb,Seattle Mariners,Tampa Bay Rays,Moneyline,Tampa Bay Rays,,-122,0.0,,,D,8,82,90,6820,False,True,1.9,False,-0.0489202107312704,0.5226654697783109,0.5220013401831584,pinnacle,28,-114,105,,,,,,,,,,,,,,,,,,,,0.4,,,,,,,,,,,,,,,,,,,-116,0.5145048262112131,pinnacle,,2026-07-11T16:00:30.072728+00:00,2,,-2.28,-6.38,True,True,sharp,6.14,win,,0.0,2026-07-04.v13-research1,781ce9e5ac0cd1e3339085c1fb7d7b39
2026-07-10,2026-07-10T17:02:37.938266+00:00,2026-07-10T23:16:00Z,mlb,Boston Red Sox,New York Mets,Moneyline,Boston Red Sox,,122,0.0,,,A,37,51,88,5790,False,True,2.3,False,-0.054293324079723204,0.4259939981622869,0.4281127363539065,pinnacle,28,129,-140,,,,,,,,,,,,,,,,,,,,0.4,,,,,,,,,,,,,,,,,,,130,0.4151835373037916,pinnacle,,2026-07-11T16:00:30.072733+00:00,3,,-3.48,-7.83,True,True,sharp,6.22,win,,0.0,2026-07-04.v13-research1,76ab48541c0690199e815574c469d162
2026-07-10,2026-07-10T17:02:37.938266+00:00,2026-07-11T00:06:00Z,mlb,Houston Astros,Texas Rangers,Moneyline,Houston Astros,,-141,0.0,,,D,7,65,72,4054,False,True,2.7,False,-0.038193445632632606,0.5627166977833975,0.5608272962726625,pinnacle,28,-134,123,,,,,,,,,,,,,,,,,,,,0.4,,,,,,,,,,,,,,,,,,,-104,0.4867217800149595,pinnacle,,2026-07-11T16:00:30.072738+00:00,3,,-12.86,-16.81,True,True,sharp,7.06,loss,,-0.0,2026-07-04.v13-research1,583d3f0f064fd76fdea2bc583f0eb548
2026-07-10,2026-07-10T17:02:37.938266+00:00,2026-07-11T00:11:00Z,mlb,Los Angeles Angels,Minnesota Twins,Moneyline,Los Angeles Angels,,121,0.0,,,B,17,12,29,5084,True,True,1.6,False,-0.05448575479482576,0.427834500092839,0.4299179738091811,pinnacle,28,128,-139,,,,,,,,,,,,,,,,,,,,0.4,,,,,,,,,,,,,,,,,,,148,0.3852741571921825,pinnacle,,2026-07-11T16:00:30.072743+00:00,3,,-10.89,-14.85,True,True,sharp,7.14,win,,0.0,2026-07-04.v13-research1,2461d70fb5485aced0029aaea219afeb
2026-07-10,2026-07-10T17:02:37.938266+00:00,2026-07-11T00:16:00Z,mlb,Atlanta Braves,St. Louis Cardinals,Moneyline,Atlanta Braves,,-165,0.0,,,D,9,83,92,3998,False,True,2.1,False,-0.024999816170602984,0.6070755861579265,0.6037469446004828,pinnacle,28,-161,147,,,,,,,,,,,,,,,,,,,,0.4,,,,,,,,,,,,,,,,,,,-107,0.4902994533388244,pinnacle,,2026-07-11T16:00:30.072748+00:00,3,,-16.98,-21.25,True,True,sharp,7.22,loss,,-0.0,2026-07-04.v13-research1,2ac65fed3f431f0601c2e788aee18cab
2026-07-10,2026-07-10T17:02:37.938266+00:00,2026-07-11T01:41:00Z,mlb,Toronto Blue Jays,San Diego Padres,Moneyline,San Diego Padres,,-125,0.0,,,D,6,54,60,4715,False,True,2.3,False,-0.0389844912896925,0.5338975048390597,0.5329494561740244,pinnacle,28,-119,110,,,,,,,,,,,,,,,,,,,,0.4,,,,,,,,,,,,,,,,,,,-113,0.5072747534244936,pinnacle,,2026-07-11T16:00:30.072753+00:00,3,,-4.51,-8.69,True,True,sharp,8.64,loss,,-0.0,2026-07-04.v13-research1,cc0b13e921789925a1c0502553d4ec9b
2026-07-10,2026-07-10T17:02:37.938266+00:00,2026-07-11T02:11:00Z,mlb,Arizona Diamondbacks,Los Angeles Dodgers,Moneyline,Arizona Diamondbacks,,215,0.0,,,D,8,5,13,4649,True,True,1.7,False,-0.0737096615495555,0.29406042490490303,0.3008356545961003,pinnacle,27,225,-251,,,,,,,,,,,,,,,,,,,,0.4,,,,,,,,,,,,,,,,,,,230,0.27854288903201246,pinnacle,,2026-07-11T16:00:30.072759+00:00,3,,-4.55,-12.26,True,True,sharp,9.14,win,,0.0,2026-07-04.v13-research1,ca5e8cb9be664ff91b121c15379d7ce9
2026-07-10,2026-07-10T17:02:37.938266+00:00,2026-07-11T02:16:00Z,mlb,Colorado Rockies,San Francisco Giants,Moneyline,San Francisco Giants,,-152,0.0,,,D,8,78,86,4493,False,True,3.0,False,-0.03641351007273308,0.581210898686288,0.578961899503037,pinnacle,28,-144,133,,,,,,,,,,,,,,,,,,,,0.4,,,,,,,,,,,,,,,,,,,-152,0.5803487009573252,pinnacle,,2026-07-10T22:31:32.423174+00:00,1,,0.0,-3.78,True,True,sharp,9.22,win,,0.0,2026-07-04.v13-research1,976819aa47554213e70bc968d9356fc4
2026-07-10,2026-07-10T22:31:32.429028+00:00,2026-07-10T23:41:00Z,mlb,Athletics,Chicago White Sox,Moneyline,Chicago White Sox,,-180,0.0,,,D,6,90,96,13878,False,True,15.0,False,-0.0391296514694639,0.6177023669124875,0.6142330723169047,pinnacle,28,-168,154,,,,,,,,,,,,,,,,,,,,0.1,,,,,,,,,,,,,,,,,,,-124,0.524955407254382,pinnacle,,2026-07-11T16:00:30.072769+00:00,2,,-13.89,-18.34,True,True,sharp,1.16,win,,0.0,2026-07-04.v13-research1,c710eb874e3d11ac6f032fbc186f2e5f
2026-07-11,2026-07-11T16:00:30.078692+00:00,2026-07-11T16:06:00Z,mlb,Milwaukee Brewers,Pittsburgh Pirates,Moneyline,Milwaukee Brewers,,-107,0.0,,,D,24,58,82,2473,False,True,2.0,False,-0.07208500876799573,0.479646879525722,0.48024891774891776,pinnacle,27,104,-113,,,,,,,,,,,,,,,,,,,,0.2,,,,,,,,,,,,,,,,,,,-107,0.479646879525722,pinnacle,,2026-07-11T16:00:30.078692+00:00,0,,0.0,-7.21,False,True,sharp,0.09,loss,,-0.0,2026-07-04.v13-research1,1ff6b7060ccd99869ddc9396d067920c
2026-07-11,2026-07-11T16:00:30.078692+00:00,2026-07-11T18:11:00Z,mlb,Athletics,Chicago White Sox,Moneyline,Chicago White Sox,,-124,0.0,,,D,20,63,83,5583,False,True,2.1,False,-0.05169345786305202,0.524955407254382,0.5242310245629564,pinnacle,28,-115,106,,,,,,,,,,,,,,,,,,,,0.2,,,,,,,,,,,,,,,,,,,-119,0.518642611325332,consensus,,2026-07-11T22:13:28.180825+00:00,1,,-1.84,-6.31,True,True,sharp,2.17,win,,0.0,2026-07-04.v13-research1,8ec769ee362e5e0e25ac93ee886cdfd4
2026-07-11,2026-07-11T16:00:30.078692+00:00,2026-07-11T18:11:00Z,mlb,Los Angeles Angels,Minnesota Twins,Moneyline,Minnesota Twins,,-180,0.0,,,D,20,68,88,6018,False,True,3.2,False,-0.043759800076728195,0.6147258428078176,0.6112929623567921,pinnacle,28,-166,152,,,,,,,,,,,,,,,,,,,,0.2,,,,,,,,,,,,,,,,,,,-133,0.5544013247567373,consensus,,2026-07-11T22:13:28.180840+00:00,1,,-11.21,-13.76,True,True,sharp,2.17,win,,0.0,2026-07-04.v13-research1,39a35ef6ca846e78caf1d3d4063cba8b
2026-07-11,2026-07-11T16:00:30.078692+00:00,2026-07-11T20:05:00Z,mlb,New York Yankees,Washington Nationals,Moneyline,Washington Nationals,,165,0.0,,,D,7,13,20,6164,True,True,1.7,False,-0.056422636490850664,0.3560669296260941,0.36028823058446763,pinnacle,28,172,-188,,,,,,,,,,,,,,,,,,,,0.2,,,,,,,,,,,,,,,,,,,165,0.3560669296260941,pinnacle,,2026-07-11T16:00:30.078692+00:00,0,,0.0,-5.64,False,True,sharp,4.07,loss,,-0.0,2026-07-04.v13-research1,93986de15fc102a4875daaf7e6250f9e
2026-07-11,2026-07-11T16:00:30.078692+00:00,2026-07-11T20:06:00Z,mlb,Colorado Rockies,San Francisco Giants,Moneyline,San Francisco Giants,,-149,0.0,,,D,15,64,79,4427,False,True,2.5,False,-0.03468304609537831,0.5776394623766612,0.5754534928598997,pinnacle,28,-142,131,,,,,,,,,,,,,,,,,,,,0.2,,,,,,,,,,,,,,,,,,,-144,0.581120435899236,consensus,,2026-07-11T23:35:59.823902+00:00,1,,-1.38,-2.89,True,True,sharp,4.09,win,,0.0,2026-07-04.v13-research1,def5adac76d2258bb7ff1a427e09f8a8
2026-07-11,2026-07-11T16:00:30.078692+00:00,2026-07-11T20:06:00Z,mlb,Milwaukee Brewers,Pittsburgh Pirates,Moneyline,Milwaukee Brewers,,-133,0.0,,,D,24,58,82,2473,False,True,2.0,False,-0.040447188108421406,0.5477275707363947,0.5463304962261121,pinnacle,26,-126,116,,,,,,,,,,,,,,,,,,,,0.2,,,,,,,,,,,,,,,,,,,-133,0.5477275707363947,pinnacle,,2026-07-11T16:00:30.078692+00:00,0,,0.0,-4.04,False,True,sharp,4.09,loss,,-0.0,2026-07-04.v13-research1,3e0030b3cd282b42e4c204a9e30ec8f4
2026-07-11,2026-07-11T16:00:30.078692+00:00,2026-07-11T20:11:00Z,mlb,Boston Red Sox,New York Mets,Moneyline,Boston Red Sox,,130,0.0,,,C,9,54,63,4291,False,True,1.6,False,-0.04507786420127946,0.4151835373037916,0.41832534916672287,pinnacle,28,133,-148,,,,,,,,,,,,,,,,,,,,0.2,,,,,,,,,,,,,,,,,,,130,0.4151835373037916,pinnacle,,2026-07-11T16:00:30.078692+00:00,0,,0.0,-4.51,False,True,sharp,4.17,win,,0.0,2026-07-04.v13-research1,ff676cfabd491a806f9fad9a93924adb
2026-07-11,2026-07-11T16:00:30.078692+00:00,2026-07-11T20:11:00Z,mlb,Seattle Mariners,Tampa Bay Rays,Moneyline,Tampa Bay Rays,,-116,0.0,,,D,10,58,68,5997,False,True,2.1,False,-0.04195653050325843,0.5145048262112131,0.5141138361869505,pinnacle,28,-110,102,,,,,,,,,,,,,,,,,,,,0.2,,,,,,,,,,,,,,,,,,,-116,0.5145048262112131,pinnacle,,2026-07-11T16:00:30.078692+00:00,0,,0.0,-4.2,False,True,sharp,4.17,win,,0.0,2026-07-04.v13-research1,93a5e6119186fda8b8ae5e4ec2abd550
2026-07-11,2026-07-11T16:00:30.078692+00:00,2026-07-11T23:06:00Z,mlb,Kansas City Royals,Baltimore Orioles,Moneyline,Baltimore Orioles,,-155,0.0,,,D,7,64,71,3256,False,True,2.6,False,-0.03656143178530047,0.5856195218559939,0.5830871803527724,pinnacle,28,-147,135,,,,,,,,,,,,,,,,,,,,0.2,,,,,,,,,,,,,,,,,,,-164,0.5998893203949751,pinnacle,,2026-07-11T22:13:28.180854+00:00,1,,2.2,-1.31,True,True,sharp,7.09,win,,0.0,2026-07-04.v13-research1,09d58ac97a07ac9cc6bc658cf72f08a3
2026-07-11,2026-07-11T16:00:30.078692+00:00,2026-07-11T23:06:00Z,mlb,Houston Astros,Texas Rangers,Moneyline,Houston Astros,,-104,0.0,,,B,17,47,64,3130,False,True,51.3,False,-0.04527650843219466,0.4867217800149595,0.48712595685455806,pinnacle,28,101,-110,,,,,,,,,,,,,,,,,,,,0.2,,,,,,,,,,,,,,,,,,,103,0.4705306473393603,pinnacle,,2026-07-11T22:13:28.180858+00:00,1,,-3.37,-7.7,True,True,sharp,7.09,loss,,-0.0,2026-07-04.v13-research1,3e2ce9905fcaa6c74169c61fcb777080
2026-07-11,2026-07-11T16:00:30.078692+00:00,2026-07-11T23:11:00Z,mlb,Chicago Cubs,Cincinnati Reds,Moneyline,Chicago Cubs,,-104,0.0,,,D,12,59,71,4619,False,True,2.5,False,-0.04527650843219466,0.4867217800149595,0.48712595685455806,pinnacle,28,101,-110,,,,,,,,,,,,,,,,,,,,0.2,,,,,,,,,,,,,,,,,,,100,0.479646879525722,pinnacle,,2026-07-11T22:13:28.180862+00:00,1,,-1.92,-5.92,True,True,sharp,7.17,loss,,-0.0,2026-07-04.v13-research1,27168ae4cc8b352a2cb7e3f6dab8b610
2026-07-11,2026-07-11T16:00:30.078692+00:00,2026-07-11T23:15:00Z,mlb,Atlanta Braves,St. Louis Cardinals,Moneyline,Atlanta Braves,,-107,0.0,,,D,26,60,86,4286,False,True,3.3,False,-0.05147675849404998,0.4902994533388244,0.4905660377358491,pinnacle,28,100,-108,,,,,,,,,,,,,,,,,,,,0.2,,,,,,,,,,,,,,,,,,,-109,0.4927252465755065,pinnacle,,2026-07-11T22:13:28.180866+00:00,1,,0.89,-4.68,True,True,sharp,7.24,loss,,-0.0,2026-07-04.v13-research1,a2501dff8c71ab28b0051fafeed81903
2026-07-11,2026-07-11T16:00:30.078692+00:00,2026-07-12T00:41:00Z,mlb,Toronto Blue Jays,San Diego Padres,Moneyline,Toronto Blue Jays,,-107,0.0,,,D,7,60,67,4240,False,True,2.5,False,-0.04678386877448737,0.4927252465755065,0.4929268637713962,pinnacle,28,-101,-107,,,,,,,,,,,,,,,,,,,,0.2,,,,,,,,,,,,,,,,,,,-108,0.4951504768893307,pinnacle,,2026-07-11T22:13:28.180870+00:00,1,,0.45,-4.21,True,True,sharp,8.67,win,,0.0,2026-07-04.v13-research1,db5e5f99da28e0ea52c06c7694fb5ad1
2026-07-12,2026-07-12T16:03:18.571767+00:00,2026-07-12T18:11:00Z,MLB,Athletics,Chicago White Sox,Moneyline,Athletics,,124,1.5,"Elite sharp signal (no price edge, so not 2u)",sharp,S,29,23,52,6326,True,True,2.3,False,,0.424169413256286,0.42632230673978416,pinnacle,28,130,-141,134,136,0.4255,,,,,,,,,,,,,,,,,,131,133,GTbets,,,,,,,,,,0.425,0.42,0.43,-0.002,polymarket,-0.002,124,0.424169413256286,pinnacle,,2026-07-12T16:03:18.571767+00:00,0,,0.0,-4.99,False,,,2.13,loss,,-1.5,2026-07-04.v13-research1,161be820330ad3e3e7e2ab5b0add2ff4
2026-07-12,2026-07-12T16:03:18.571767+00:00,2026-07-12T18:16:00Z,MLB,Atlanta Braves,St. Louis Cardinals,Moneyline,Atlanta Braves,,112,1.5,"Elite sharp signal (no price edge, so not 2u)",sharp,S,41,34,75,4952,True,True,2.1,False,,0.446159371353421,0.44769408222713136,pinnacle,28,119,-129,122,124,0.4484,,,,,,,,,,,,,,,,,,119,121,GTbets,,,,,,,,,,0.455,0.45,0.46,-0.0194,polymarket,-0.0194,112,0.446159371353421,pinnacle,,2026-07-12T16:03:18.571767+00:00,0,,0.0,-5.41,False,,,2.21,win,,1.68,2026-07-04.v13-research1,16afd7bc765cb79fe5e887e2e28e0b20
2026-07-12,2026-07-12T16:03:18.571767+00:00,2026-07-12T16:16:00Z,mlb,Milwaukee Brewers,Pittsburgh Pirates,Moneyline,Milwaukee Brewers,,105,0.0,,,B,13,36,49,10354,False,False,0.7,False,-0.03541217295431154,0.4705306473393603,0.4713702319923538,pinnacle,28,108,-117,,,,,,,,,,,,,,,,,,,,0.2,,,,,,,,,,,,,,,,,,,105,0.4705306473393603,pinnacle,,2026-07-12T16:03:18.571767+00:00,0,,0.0,-3.54,False,True,sharp,0.21,loss,,-0.0,2026-07-04.v13-research1,7446dc66dc13eb736b1b6a5a61b450e4
2026-07-12,2026-07-12T16:03:18.571767+00:00,2026-07-12T17:36:00Z,mlb,Kansas City Royals,Baltimore Orioles,Moneyline,Kansas City Royals,,130,0.0,,,D,8,16,24,7487,True,True,2.0,False,-0.04291825541027261,0.4161224976477076,0.41862364713089645,pinnacle,28,134,-146,,,,,,,,,,,,,,,,,,,,0.2,,,,,,,,,,,,,,,,,,,130,0.4161224976477076,pinnacle,,2026-07-12T16:03:18.571767+00:00,0,,0.0,-4.29,False,True,sharp,1.54,loss,,-0.0,2026-07-04.v13-research1,9cabe1742d3e487a116781a9b61b41ce
2026-07-12,2026-07-12T16:03:18.571767+00:00,2026-07-12T17:36:00Z,mlb,New York Yankees,Washington Nationals,Moneyline,Washington Nationals,,-123,0.0,,,B,17,20,37,10218,True,False,0.9,False,-0.04006775899737669,0.5294693526606398,0.5286297680076462,pinnacle,28,-117,108,,,,,,,,,,,,,,,,,,,,0.2,,,,,,,,,,,,,,,,,,,-123,0.5294693526606398,pinnacle,,2026-07-12T16:03:18.571767+00:00,0,,0.0,-4.01,False,True,sharp,1.54,loss,,-0.0,2026-07-04.v13-research1,32eb2951f81d870c61eae4eb3afb7ea8
2026-07-12,2026-07-12T16:03:18.571767+00:00,2026-07-12T17:41:00Z,mlb,Cleveland Guardians,Miami Marlins,Moneyline,Miami Marlins,,-113,0.0,,,D,6,44,50,4589,False,True,2.7,False,-0.043809535580379366,0.5072747534244936,0.5070731362286036,pinnacle,28,-107,-101,,,,,,,,,,,,,,,,,,,,0.2,,,,,,,,,,,,,,,,,,,-113,0.5072747534244936,pinnacle,,2026-07-12T16:03:18.571767+00:00,0,,0.0,-4.38,False,True,sharp,1.63,loss,,-0.0,2026-07-04.v13-research1,fe2a389f5cf40c61156a794804ec0fff
2026-07-12,2026-07-12T16:03:18.571767+00:00,2026-07-12T17:41:00Z,mlb,Philadelphia Phillies,Detroit Tigers,Moneyline,Philadelphia Phillies,,113,0.0,,,B,18,53,71,13823,False,True,1.9,False,-0.04537993727671863,0.4481784332034185,0.4496686651940676,pinnacle,28,118,-128,,,,,,,,,,,,,,,,,,,,0.2,,,,,,,,,,,,,,,,,,,113,0.4481784332034185,pinnacle,,2026-07-12T16:03:18.571767+00:00,0,,0.0,-4.54,False,True,sharp,1.63,win,,0.0,2026-07-04.v13-research1,44263373c8152cfeef60f3501f9f0cbc
2026-07-12,2026-07-12T16:03:18.571767+00:00,2026-07-12T18:11:00Z,mlb,Athletics,Chicago White Sox,Moneyline,Athletics,,124,0.0,,,S,29,23,52,6326,True,True,2.3,False,-0.04986051430591931,0.424169413256286,0.42632230673978416,pinnacle,28,130,-141,,,,,,,,,,,,,,,,,,,,0.2,,,,,,,,,,,,,,,,,,,124,0.424169413256286,pinnacle,,2026-07-12T16:03:18.571767+00:00,0,,0.0,-4.99,False,True,sharp,2.13,loss,,-0.0,2026-07-04.v13-research1,161be820330ad3e3e7e2ab5b0add2ff4
2026-07-12,2026-07-12T16:03:18.571767+00:00,2026-07-12T18:11:00Z,mlb,Los Angeles Angels,Minnesota Twins,Moneyline,Los Angeles Angels,,113,0.0,,,B,13,15,28,5316,True,True,1.9,False,-0.04537993727671863,0.4481784332034185,0.4496686651940676,pinnacle,28,118,-128,,,,,,,,,,,,,,,,,,,,0.2,,,,,,,,,,,,,,,,,,,113,0.4481784332034185,pinnacle,,2026-07-12T16:03:18.571767+00:00,0,,0.0,-4.54,False,True,sharp,2.13,loss,,-0.0,2026-07-04.v13-research1,b4977d853e9f601495f2a4a03c741589
2026-07-12,2026-07-12T16:03:18.571767+00:00,2026-07-12T18:16:00Z,mlb,Atlanta Braves,St. Louis Cardinals,Moneyline,Atlanta Braves,,112,0.0,,,S,41,34,75,4952,True,True,2.1,False,-0.054142132730747417,0.446159371353421,0.44769408222713136,pinnacle,28,119,-129,,,,,,,,,,,,,,,,,,,,0.2,,,,,,,,,,,,,,,,,,,112,0.446159371353421,pinnacle,,2026-07-12T16:03:18.571767+00:00,0,,0.0,-5.41,False,True,sharp,2.21,win,,0.0,2026-07-04.v13-research1,16afd7bc765cb79fe5e887e2e28e0b20
2026-07-12,2026-07-12T16:03:18.571767+00:00,2026-07-12T18:36:00Z,mlb,Houston Astros,Texas Rangers,Moneyline,Texas Rangers,,-140,0.0,,,D,7,50,57,4796,False,False,1.4,False,-0.037023106084655644,0.5617365214506175,0.5600370097622689,pinnacle,28,-133,123,,,,,,,,,,,,,,,,,,,,0.2,,,,,,,,,,,,,,,,,,,-140,0.5617365214506175,pinnacle,,2026-07-12T16:03:18.571767+00:00,0,,0.0,-3.7,False,True,sharp,2.54,win,,0.0,2026-07-04.v13-research1,180ee18000bc994ba8c23c2ebc9ef746
2026-07-12,2026-07-12T16:03:18.571767+00:00,2026-07-12T20:06:00Z,mlb,Colorado Rockies,San Francisco Giants,Moneyline,Colorado Rockies,,120,0.0,,,B,15,13,28,4205,True,True,2.1,False,-0.0464019876453553,0.4334536419793839,0.4354243542435424,pinnacle,28,125,-136,,,,,,,,,,,,,,,,,,,,0.2,,,,,,,,,,,,,,,,,,,120,0.4334536419793839,pinnacle,,2026-07-12T16:03:18.571767+00:00,0,,0.0,-4.64,False,True,sharp,4.04,loss,,-0.0,2026-07-04.v13-research1,9d71a179d7d4dd618d4fae5516f00d95
2026-07-16,2026-07-16T16:22:22.441713+00:00,2026-07-16T23:11:00Z,mlb,New York Mets,Philadelphia Phillies,Moneyline,New York Mets,,111,0.0,,,B,18,19,37,12576,True,True,2.3,False,-0.04570517425379239,0.45227242926360545,0.45366950377388787,pinnacle,28,116,-126,,,,,,,,,,,,,,,,,,,,0.6,,,,,,,,,,,,,,,,,,,111,0.45227242926360545,pinnacle,,2026-07-16T16:22:22.441713+00:00,0,,0.0,-4.57,False,True,sharp,6.81,win,,0.0,2026-07-04.v13-research1,7ad2e88701ead09625333188a5b653b2
2026-07-17,2026-07-17T16:20:07.276590+00:00,2026-07-17T23:06:00Z,mlb,Los Angeles Dodgers,New York Yankees,Moneyline,New York Yankees,,-107,0.0,,,D,8,40,48,6871,False,True,2.7,False,-0.04678386877448737,0.4927252465755065,0.4929268637713962,pinnacle,27,-101,-107,,,,,,,,,,,,,,,,,,,,0.2,,,,,,,,,,,,,,,,,,,-115,0.5121146249459602,pinnacle,,2026-07-18T16:01:23.912203+00:00,2,,3.48,-0.93,True,True,sharp,6.76,loss,,-0.0,2026-07-04.v13-research1,f20d3f5cf3efbb324f11686e68db809c
2026-07-17,2026-07-17T16:20:07.276590+00:00,2026-07-17T23:16:00Z,mlb,Texas Rangers,Atlanta Braves,Moneyline,Atlanta Braves,,-218,0.0,,,D,11,77,88,5028,False,True,2.0,False,-0.03393277999332944,0.6622724967341327,0.6574416298566664,pinnacle,28,-204,186,,,,,,,,,,,,,,,,,,,,0.2,,,,,,,,,,,,,,,,,,,-116,0.5145048262112131,pinnacle,,2026-07-18T16:01:23.912221+00:00,2,,-21.66,-24.95,True,True,sharp,6.93,win,,0.0,2026-07-04.v13-research1,218dcb584dbeb2e0c6f3ec5b029b0521
2026-07-17,2026-07-17T16:20:07.276590+00:00,2026-07-18T00:11:00Z,mlb,Baltimore Orioles,Houston Astros,Moneyline,Houston Astros,,-118,0.0,,,D,20,59,79,4084,False,True,1.8,False,-0.045101792371852856,0.5168715068812907,0.5164210574565122,pinnacle,28,-111,103,,,,,,,,,,,,,,,,,,,,0.2,,,,,,,,,,,,,,,,,,,-112,0.5048495231106692,pinnacle,,2026-07-18T16:01:23.912231+00:00,3,,-2.4,-6.73,True,True,sharp,7.85,loss,,-0.0,2026-07-04.v13-research1,dbf668de78fe1352520d4e2011c77603
2026-07-17,2026-07-17T16:20:07.276590+00:00,2026-07-18T00:11:00Z,mlb,San Diego Padres,Kansas City Royals,Moneyline,San Diego Padres,,-124,0.0,,,D,20,70,90,5361,False,False,1.4,False,-0.039520520559123806,0.5316939975476279,0.5307993629202359,pinnacle,28,-118,109,,,,,,,,,,,,,,,,,,,,0.2,,,,,,,,,,,,,,,,,,,-111,0.5024246678330881,pinnacle,,2026-07-18T16:01:23.912237+00:00,3,,-4.97,-9.24,True,True,sharp,7.85,loss,,-0.0,2026-07-04.v13-research1,704ba175e571a9f003f1c83cd86e48e6
2026-07-17,2026-07-17T16:20:07.276590+00:00,2026-07-18T01:39:00Z,mlb,Detroit Tigers,Los Angeles Angels,Moneyline,Detroit Tigers,,-112,0.0,,,D,9,87,96,5079,False,True,2.9,False,-0.04439197411194762,0.5048495231106692,0.5047143126532152,pinnacle,28,-106,-102,,,,,,,,,,,,,,,,,,,,0.2,,,,,,,,,,,,,,,,,,,-200,0.6458967497204122,pinnacle,,2026-07-18T16:01:23.912242+00:00,3,,26.19,22.26,True,True,sharp,9.31,win,,0.0,2026-07-04.v13-research1,e047c3dd3d688fead07d77b8b32852af
2026-07-17,2026-07-17T16:20:07.276590+00:00,2026-07-18T01:41:00Z,mlb,St. Louis Cardinals,Arizona Diamondbacks,Moneyline,St. Louis Cardinals,,-112,0.0,,,D,8,44,52,3306,False,True,1.9,False,-0.04439197411194762,0.5048495231106692,0.5047143126532152,pinnacle,28,-106,-102,,,,,,,,,,,,,,,,,,,,0.2,,,,,,,,,,,,,,,,,,,102,0.4727767389956,pinnacle,,2026-07-18T16:01:23.912248+00:00,3,,-6.29,-10.51,True,True,sharp,9.35,win,,0.0,2026-07-04.v13-research1,2e309c8e4682895ea0516d055b78f53a
2026-07-17,2026-07-17T16:20:07.276590+00:00,2026-07-18T01:41:00Z,mlb,Washington Nationals,Athletics,Moneyline,Washington Nationals,,-135,0.0,,,D,19,59,78,5846,False,True,2.4,False,-0.03942171705780273,0.5518215667965815,0.5503313348059325,pinnacle,28,-128,118,,,,,,,,,,,,,,,,,,,,0.2,,,,,,,,,,,,,,,,,,,-116,0.5145048262112131,pinnacle,,2026-07-18T16:01:23.912253+00:00,3,,-6.52,-10.44,True,True,sharp,9.35,win,,0.0,2026-07-04.v13-research1,e0989f5a2163779f2b0c456d7f844ce9
2026-07-17,2026-07-17T22:13:51.171464+00:00,2026-07-17T23:11:00Z,mlb,Tampa Bay Rays,Boston Red Sox,Moneyline,Boston Red Sox,,-130,0.0,,,D,8,54,62,3826,False,True,4.9,False,-0.036462085120202214,0.54460838667119,0.5434162250305749,pinnacle,28,-124,115,,,,,,,,,,,,,,,,,,,,0.1,,,,,,,,,,,,,,,,,,,-130,0.54460838667119,pinnacle,,2026-07-17T22:13:51.171464+00:00,0,,0.0,-3.65,False,True,sharp,0.95,win,,0.0,2026-07-04.v13-research1,9d0976062d4e6d31f94ff2c8b3baff89
2026-07-17,2026-07-17T22:13:51.171464+00:00,2026-07-17T23:16:00Z,mlb,Chicago White Sox,Toronto Blue Jays,Moneyline,Toronto Blue Jays,,-136,0.0,,,D,8,64,72,10354,False,True,8.7,False,-0.03892361499564223,0.553840628646579,0.5523059177728685,pinnacle,28,-129,119,,,,,,,,,,,,,,,,,,,,0.1,,,,,,,,,,,,,,,,,,,-113,0.5072747534244936,pinnacle,,2026-07-18T16:01:23.912259+00:00,1,,-7.94,-11.97,True,True,sharp,1.04,loss,,-0.0,2026-07-04.v13-research1,cfb2e85cbd19eb03e617782d90d2c60e
2026-07-17,2026-07-17T22:13:51.171464+00:00,2026-07-18T00:06:00Z,mlb,Minnesota Twins,Chicago Cubs,Moneyline,Chicago Cubs,,-152,0.0,,,D,14,72,86,14590,False,True,3.7,False,-0.039361356075631515,0.5794328328432699,0.5772148374973902,pinnacle,28,-143,132,,,,,,,,,,,,,,,,,,,,0.1,,,,,,,,,,,,,,,,,,,-142,0.5684358952417499,pinnacle,,2026-07-18T16:01:23.912264+00:00,2,,-2.72,-5.76,True,True,sharp,1.87,loss,,-0.0,2026-07-04.v13-research1,7d92a7dff1e2a4e0569b73cf9069f2e3
2026-07-17,2026-07-17T22:13:51.171464+00:00,2026-07-18T00:41:00Z,mlb,Cincinnati Reds,Colorado Rockies,Moneyline,Cincinnati Reds,,-104,0.0,,,D,6,50,56,9340,False,True,2.6,False,-0.04768254372199421,0.4854951737887872,0.48588616381304955,pinnacle,28,102,-110,,,,,,,,,,,,,,,,,,,,0.1,,,,,,,,,,,,,,,,,,,-112,0.5072747534244936,pinnacle,,2026-07-18T16:01:23.912270+00:00,2,,3.63,-0.5,True,True,sharp,2.45,win,,0.0,2026-07-04.v13-research1,e9c736dab72b5dc33dd4f665870c8f2b
2026-07-18,2026-07-18T16:01:23.921430+00:00,2026-07-18T20:11:00Z,MLB,Miami Marlins,Milwaukee Brewers,Moneyline,Miami Marlins,,120,1.5,"Elite sharp signal (no price edge, so not 2u)",sharp,S,27,24,51,4498,True,True,1.7,False,,0.427834500092839,0.4299179738091811,pinnacle,28,128,-139,130,138,0.4275,,,,,,,,,,,,,,,,,,127,130,GTbets,,,,,,,,,,0.435,0.43,0.44,-0.0165,polymarket,-0.0165,120,0.427834500092839,pinnacle,,2026-07-18T16:01:23.921430+00:00,0,,0.0,-5.88,False,,,4.16,loss,,-1.5,2026-07-04.v13-research1,31b5f1a35ef3661e5911f39a57d11ac5
2026-07-18,2026-07-18T16:01:23.921430+00:00,2026-07-18T18:21:00Z,MLB,Minnesota Twins,Chicago Cubs,Moneyline,Minnesota Twins,,119,1.0,Single sharp signal,sharp,A,27,40,67,8022,False,True,2.1,False,,0.4315641047582504,0.43357359774614906,pinnacle,28,126,-137,130,132,0.4329,,,,,,,,,,,,,,,,,,125,130,Everygame,,,,,,,,,,0.405,0.4,0.41,0.0656,polymarket,0.0656,119,0.4315641047582504,pinnacle,,2026-07-18T16:01:23.921430+00:00,0,,0.0,-5.49,False,,,2.33,loss,,-1.0,2026-07-04.v13-research1,1ac6eaa4fa03ab0a81e5ba09ce7bcaa3
2026-07-18,2026-07-18T16:01:23.921430+00:00,2026-07-18T19:11:00Z,MLB,Cincinnati Reds,Colorado Rockies,Moneyline,Colorado Rockies,,-108,1.0,Single sharp signal,sharp,A,21,31,52,4144,True,True,1.9,False,,0.4927252465755065,0.4929268637713962,pinnacle,28,-101,-107,102,108,0.4879,,,,,,,,,,,,,,,,,,100,102,Everygame,,,,,,,,,,0.455,0.45,0.46,0.0829,polymarket,0.0829,-108,0.4927252465755065,pinnacle,,2026-07-18T16:01:23.921430+00:00,0,,0.0,-5.1,False,,,3.16,win,,0.93,2026-07-04.v13-research1,2962ef39359f54f01f0254f086b45881
2026-07-18,2026-07-18T16:01:23.921430+00:00,2026-07-18T17:11:00Z,mlb,Pittsburgh Pirates,Cleveland Guardians,Moneyline,Pittsburgh Pirates,,108,0.0,,,D,7,53,60,1368,False,False,1.2,False,-0.04841276004205086,0.4574938653643986,0.45864012175558383,pinnacle,27,114,-123,,,,,,,,,,,,,,,,,,,,0.2,,,,,,,,,,,,,,,,,,,108,0.4574938653643986,pinnacle,,2026-07-18T16:01:23.921430+00:00,0,,0.0,-4.84,False,True,sharp,1.16,win,,0.0,2026-07-04.v13-research1,d8bf9cd37db11dd5e36f7b8d846883b4
2026-07-18,2026-07-18T16:01:23.921430+00:00,2026-07-18T18:21:00Z,mlb,Minnesota Twins,Chicago Cubs,Moneyline,Minnesota Twins,,119,0.0,,,A,27,40,67,8022,False,True,2.1,False,-0.05487461057943166,0.4315641047582504,0.43357359774614906,pinnacle,28,126,-137,,,,,,,,,,,,,,,,,,,,0.2,,,,,,,,,,,,,,,,,,,119,0.4315641047582504,pinnacle,,2026-07-18T16:01:23.921430+00:00,0,,0.0,-5.49,False,True,sharp,2.33,loss,,-0.0,2026-07-04.v13-research1,1ac6eaa4fa03ab0a81e5ba09ce7bcaa3
2026-07-18,2026-07-18T16:01:23.921430+00:00,2026-07-18T19:11:00Z,mlb,Cincinnati Reds,Colorado Rockies,Moneyline,Colorado Rockies,,-108,0.0,,,A,21,31,52,4144,True,True,1.9,False,-0.05104767326198745,0.4927252465755065,0.4929268637713962,pinnacle,28,-101,-107,,,,,,,,,,,,,,,,,,,,0.2,,,,,,,,,,,,,,,,,,,-108,0.4927252465755065,pinnacle,,2026-07-18T16:01:23.921430+00:00,0,,0.0,-5.1,False,True,sharp,3.16,win,,0.0,2026-07-04.v13-research1,2962ef39359f54f01f0254f086b45881
2026-07-18,2026-07-18T16:01:23.921430+00:00,2026-07-18T20:11:00Z,mlb,Baltimore Orioles,Houston Astros,Moneyline,Houston Astros,,-112,0.0,,,D,8,50,58,4786,False,True,1.9,False,-0.04439197411194762,0.5048495231106692,0.5047143126532152,pinnacle,28,-106,-102,,,,,,,,,,,,,,,,,,,,0.2,,,,,,,,,,,,,,,,,,,-112,0.5048495231106692,pinnacle,,2026-07-18T16:01:23.921430+00:00,0,,0.0,-4.44,False,True,sharp,4.16,loss,,-0.0,2026-07-04.v13-research1,48ca8f5f46eb95a95a448679ea6cf7b1
2026-07-18,2026-07-18T16:01:23.921430+00:00,2026-07-18T20:11:00Z,mlb,Tampa Bay Rays,Boston Red Sox,Moneyline,Tampa Bay Rays,,-112,0.0,,,B,16,24,40,5260,True,True,1.9,False,-0.04439197411194762,0.5048495231106692,0.5047143126532152,pinnacle,28,-106,-102,,,,,,,,,,,,,,,,,,,,0.2,,,,,,,,,,,,,,,,,,,103,0.4661024951609403,pinnacle,,2026-07-19T16:01:26.255239+00:00,1,,-6.76,-11.77,True,True,sharp,4.16,loss,,-0.0,2026-07-04.v13-research1,698618fc0740b4cfa7a19834f721993e
2026-07-18,2026-07-18T16:01:23.921430+00:00,2026-07-18T20:11:00Z,mlb,San Diego Padres,Kansas City Royals,Moneyline,Kansas City Royals,,-109,0.0,,,B,16,32,48,3392,True,True,2.4,False,-0.045933537404728164,0.4975753321669121,0.49764317699740745,pinnacle,28,-103,-105,,,,,,,,,,,,,,,,,,,,0.2,,,,,,,,,,,,,,,,,,,-109,0.4975753321669121,pinnacle,,2026-07-18T16:01:23.921430+00:00,0,,0.0,-4.59,False,True,sharp,4.16,win,,0.0,2026-07-04.v13-research1,af96de180c395ddeb2a1600317946494
2026-07-18,2026-07-18T16:01:23.921430+00:00,2026-07-18T20:11:00Z,mlb,Miami Marlins,Milwaukee Brewers,Moneyline,Miami Marlins,,120,0.0,,,S,27,24,51,4498,True,True,1.7,False,-0.05876409979575403,0.427834500092839,0.4299179738091811,pinnacle,28,128,-139,,,,,,,,,,,,,,,,,,,,0.2,,,,,,,,,,,,,,,,,,,120,0.427834500092839,pinnacle,,2026-07-18T16:01:23.921430+00:00,0,,0.0,-5.88,False,True,sharp,4.16,loss,,-0.0,2026-07-04.v13-research1,31b5f1a35ef3661e5911f39a57d11ac5
2026-07-18,2026-07-18T16:01:23.921430+00:00,2026-07-18T23:10:00Z,mlb,Pittsburgh Pirates,Cleveland Guardians,Moneyline,Pittsburgh Pirates,,-111,0.0,,,D,7,53,60,1368,False,False,1.2,False,-0.026520848075697323,0.5121146249459602,0.511784905043332,pinnacle,26,-109,101,,,,,,,,,,,,,,,,,,,,0.2,,,,,,,,,,,,,,,,,,,-107,0.49396063152789393,pinnacle,,2026-07-18T22:14:35.080290+00:00,1,,-1.74,-6.1,True,True,sharp,7.14,win,,0.0,2026-07-04.v13-research1,1b7f4086b3b3d2a039917465354f741b
2026-07-18,2026-07-18T16:01:23.921430+00:00,2026-07-19T00:09:00Z,mlb,Los Angeles Dodgers,New York Yankees,Moneyline,New York Yankees,,-115,0.0,,,B,15,29,44,4195,True,False,1.3,False,-0.0425683098836398,0.5121146249459602,0.511784905043332,pinnacle,27,-109,101,,,,,,,,,,,,,,,,,,,,0.2,,,,,,,,,,,,,,,,,,,-115,0.5121146249459602,pinnacle,,2026-07-18T16:01:23.921430+00:00,0,,0.0,-4.26,False,True,sharp,8.13,loss,,-0.0,2026-07-04.v13-research1,b1c11c1965517ee6fc64d8fcb9f8e6e3
2026-07-18,2026-07-18T16:01:23.921430+00:00,2026-07-19T00:09:00Z,mlb,San Francisco Giants,Seattle Mariners,Moneyline,Seattle Mariners,,-152,0.0,,,D,14,58,72,5119,False,True,1.9,False,-0.03059263728131456,0.5847219013223817,0.582413851638092,pinnacle,28,-146,135,,,,,,,,,,,,,,,,,,,,0.2,,,,,,,,,,,,,,,,,,,-159,0.5949764379977864,pinnacle,,2026-07-18T22:14:35.080304+00:00,1,,1.78,-1.36,True,True,sharp,8.13,loss,,-0.0,2026-07-04.v13-research1,fc2051a727661b285a4718bc4738966e
2026-07-18,2026-07-18T16:01:23.921430+00:00,2026-07-19T02:06:00Z,mlb,Washington Nationals,Athletics,Moneyline,Washington Nationals,,-116,0.0,,,D,6,70,76,5215,False,True,2.1,False,-0.04195653050325843,0.5145048262112131,0.5141138361869505,pinnacle,28,-110,102,,,,,,,,,,,,,,,,,,,,0.2,,,,,,,,,,,,,,,,,,,-105,0.5168715068812907,pinnacle,,2026-07-18T22:14:35.080311+00:00,1,,-4.63,-3.75,True,True,sharp,10.08,win,,0.0,2026-07-04.v13-research1,ded1e582d76a9362d25395cef8921336
2026-07-18,2026-07-18T22:14:35.091139+00:00,2026-07-18T23:10:00Z,mlb,Pittsburgh Pirates,Cleveland Guardians,Moneyline,Cleveland Guardians,,-113,0.0,,,B,18,50,68,4160,False,True,7.3,False,-0.04613818155257865,0.5060393684721062,0.5058509642389065,pinnacle,26,-107,-102,,,,,,,,,,,,,,,,,,,,0.1,,,,,,,,,,,,,,,,,,,-113,0.5060393684721062,pinnacle,,2026-07-18T22:14:35.091139+00:00,0,,0.0,-4.61,False,True,sharp,0.92,loss,,-0.0,2026-07-04.v13-research1,1b7f4086b3b3d2a039917465354f741b
2026-07-18,2026-07-18T22:14:35.091139+00:00,2026-07-19T02:08:00Z,mlb,Detroit Tigers,Los Angeles Angels,Moneyline,Detroit Tigers,,-206,0.0,,,D,15,76,91,10895,False,True,9.0,False,-0.03497198927065093,0.6496593797720455,0.6451409747117527,pinnacle,28,-193,176,,,,,,,,,,,,,,,,,,,,0.1,,,,,,,,,,,,,,,,,,,-208,0.6515634488771996,pinnacle,,2026-07-18T23:35:44.083167+00:00,1,,0.32,-3.21,True,True,sharp,3.89,win,,0.0,2026-07-04.v13-research1,9933e32d7b9c200975b046306d80856d
2026-07-19,2026-07-19T16:01:26.266052+00:00,2026-07-19T18:11:00Z,MLB,San Diego Padres,Kansas City Royals,Moneyline,San Diego Padres,,-102,1.0,Single sharp signal,sharp,A,26,41,67,4049,False,True,2.3,False,,0.4831284931187094,0.4835789425434877,pinnacle,28,103,-111,106,108,0.4831,,,,,,,,,,,,,,,,,,103,105,1xBet,,,,,,,,,,0.485,0.48,0.49,-0.0039,polymarket,-0.0039,-102,0.4831284931187094,pinnacle,,2026-07-19T16:01:26.266052+00:00,0,,0.0,-4.32,False,,,2.16,win,,0.98,2026-07-04.v13-research1,203e82b1ab8211c90f2f74c5759699ee
2026-07-19,2026-07-19T16:01:26.266052+00:00,2026-07-19T16:36:00Z,mlb,Los Angeles Dodgers,New York Yankees,Moneyline,Los Angeles Dodgers,,-133,0.0,,,D,15,74,89,1797,False,True,2.5,False,-0.04591162335047161,0.54460838667119,0.5434162250305749,pinnacle,27,-124,115,,,,,,,,,,,,,,,,,,,,0.2,,,,,,,,,,,,,,,,,,,-135,0.5477275707363947,pinnacle,,2026-07-19T22:25:17.047988+00:00,1,,0.64,-4.04,True,True,sharp,0.58,win,,0.0,2026-07-04.v13-research1,9bc4c78b91c95337830ebb3654858de7
2026-07-19,2026-07-19T16:01:26.266052+00:00,2026-07-19T17:36:00Z,mlb,Texas Rangers,Atlanta Braves,Moneyline,Atlanta Braves,,101,0.0,,,D,19,60,79,7310,False,True,2.4,False,-0.04516036858130723,0.47504459274561833,0.47576897543704366,pinnacle,28,106,-115,,,,,,,,,,,,,,,,,,,,0.2,,,,,,,,,,,,,,,,,,,101,0.47504459274561833,pinnacle,,2026-07-19T16:01:26.266052+00:00,0,,0.0,-4.52,False,True,sharp,1.58,win,,0.0,2026-07-04.v13-research1,e9245e202e09448d0020e3f46508dc9d
2026-07-19,2026-07-19T16:01:26.266052+00:00,2026-07-19T17:36:00Z,mlb,Tampa Bay Rays,Boston Red Sox,Moneyline,Tampa Bay Rays,,103,0.0,,,B,14,22,36,7068,True,True,2.1,False,-0.05381193482329105,0.4661024951609403,0.4670505438259757,pinnacle,28,110,-119,,,,,,,,,,,,,,,,,,,,0.2,,,,,,,,,,,,,,,,,,,103,0.4661024951609403,pinnacle,,2026-07-19T16:01:26.266052+00:00,0,,0.0,-5.38,False,True,sharp,1.58,loss,,-0.0,2026-07-04.v13-research1,60af7c95541bfe00c28e4a14897c6ae4
2026-07-19,2026-07-19T16:01:26.266052+00:00,2026-07-19T18:11:00Z,mlb,Baltimore Orioles,Houston Astros,Moneyline,Houston Astros,,-124,0.0,,,B,14,54,68,5644,False,True,1.9,False,-0.04759668979850307,0.5272232610044001,0.526440410418311,pinnacle,28,-116,107,,,,,,,,,,,,,,,,,,,,0.2,,,,,,,,,,,,,,,,,,,-124,0.5272232610044001,pinnacle,,2026-07-19T16:01:26.266052+00:00,0,,0.0,-4.76,False,True,sharp,2.16,loss,,-0.0,2026-07-04.v13-research1,8d524a2249f56a23b1cd951c28b16ddb
2026-07-19,2026-07-19T16:01:26.266052+00:00,2026-07-19T18:11:00Z,mlb,San Diego Padres,Kansas City Royals,Moneyline,San Diego Padres,,-102,0.0,,,A,26,41,67,4049,False,True,2.3,False,-0.043216121470791125,0.4831284931187094,0.4835789425434877,pinnacle,28,103,-111,,,,,,,,,,,,,,,,,,,,0.2,,,,,,,,,,,,,,,,,,,-102,0.4831284931187094,pinnacle,,2026-07-19T16:01:26.266052+00:00,0,,0.0,-4.32,False,True,sharp,2.16,win,,0.0,2026-07-04.v13-research1,203e82b1ab8211c90f2f74c5759699ee
2026-07-19,2026-07-19T16:01:26.266052+00:00,2026-07-19T18:11:00Z,mlb,Miami Marlins,Milwaukee Brewers,Moneyline,Miami Marlins,,110,0.0,,,B,19,20,39,5164,True,True,2.2,False,-0.04805159390260605,0.4533087648082828,0.45454545454545453,pinnacle,28,116,-125,,,,,,,,,,,,,,,,,,,,0.2,,,,,,,,,,,,,,,,,,,110,0.4533087648082828,pinnacle,,2026-07-19T16:01:26.266052+00:00,0,,0.0,-4.81,False,True,sharp,2.16,loss,,-0.0,2026-07-04.v13-research1,7bdca69ce161b0f7fa1d383357c64989
2026-07-19,2026-07-19T16:01:26.266052+00:00,2026-07-19T18:21:00Z,mlb,Minnesota Twins,Chicago Cubs,Moneyline,Minnesota Twins,,142,0.0,,,C,11,11,22,5003,True,True,1.6,False,-0.056616793519875364,0.3898277712727788,0.39320047243859046,pinnacle,28,149,-163,,,,,,,,,,,,,,,,,,,,0.2,,,,,,,,,,,,,,,,,,,142,0.3898277712727788,pinnacle,,2026-07-19T16:01:26.266052+00:00,0,,0.0,-5.66,False,True,sharp,2.33,loss,,-0.0,2026-07-04.v13-research1,e2f5ce09c19effb9e8bba90a0c1c3e44
2026-07-19,2026-07-19T16:01:26.266052+00:00,2026-07-19T19:11:00Z,mlb,Cincinnati Reds,Colorado Rockies,Moneyline,Colorado Rockies,,142,0.0,,,C,9,24,33,4362,True,True,2.4,False,-0.0546577049110506,0.39063731202022706,0.39375995671646274,pinnacle,28,149,-162,,,,,,,,,,,,,,,,,,,,0.2,,,,,,,,,,,,,,,,,,,142,0.39063731202022706,pinnacle,,2026-07-19T16:01:26.266052+00:00,0,,0.0,-5.47,False,True,sharp,3.16,loss,,-0.0,2026-07-04.v13-research1,d1c0cc729b8385c5637b14364ae82ab3
2026-07-19,2026-07-19T16:01:26.266052+00:00,2026-07-19T20:08:00Z,mlb,Detroit Tigers,Los Angeles Angels,Moneyline,Detroit Tigers,,-159,0.0,,,D,14,82,96,4846,False,True,1.8,False,-0.034951696963525625,0.5924427806285693,0.5897955514880127,pinnacle,28,-151,139,,,,,,,,,,,,,,,,,,,,0.2,,,,,,,,,,,,,,,,,,,-159,0.5924427806285693,pinnacle,,2026-07-19T16:01:26.266052+00:00,0,,,,,True,sharp,4.11,,,,2026-07-04.v13-research1,ffa609f7c73ad0d8396150b3cc744332
2026-07-19,2026-07-19T16:01:26.266052+00:00,2026-07-19T20:11:00Z,mlb,St. Louis Cardinals,Arizona Diamondbacks,Moneyline,St. Louis Cardinals,,109,0.0,,,D,6,24,30,3963,True,True,3.0,False,-0.04603480723762021,0.4564426759628612,0.4577407225764263,pinnacle,28,114,-124,,,,,,,,,,,,,,,,,,,,0.2,,,,,,,,,,,,,,,,,,,109,0.4564426759628612,pinnacle,,2026-07-19T16:01:26.266052+00:00,0,,,,,True,sharp,4.16,,,,2026-07-04.v13-research1,4a351bac7c9d35b346c76736bd88b1de
2026-07-19,2026-07-19T16:01:26.266052+00:00,2026-07-19T23:21:00Z,mlb,Los Angeles Dodgers,New York Yankees,Moneyline,Los Angeles Dodgers,,-131,0.0,,,D,15,74,89,1797,False,True,2.5,False,-0.04151342097267863,0.543557324037139,0.5422592774235736,pinnacle,23,-124,114,,,,,,,,,,,,,,,,,,,,0.2,,,,,,,,,,,,,,,,,,,-135,0.5477275707363947,pinnacle,,2026-07-19T22:25:17.048019+00:00,1,,1.3,-3.42,True,True,sharp,7.33,win,,0.0,2026-07-04.v13-research1,e7ba65ff4e90d9960a0619d266c10ff5
2026-07-19,2026-07-19T22:25:17.060712+00:00,2026-07-19T23:21:00Z,mlb,Los Angeles Dodgers,New York Yankees,Moneyline,New York Yankees,,113,0.0,,,D,6,25,31,7017,True,True,2.0,False,-0.03665972566852049,0.45227242926360545,0.45366950377388787,pinnacle,27,116,-126,,,,,,,,,,,,,,,,,,,,0.3,,,,,,,,,,,,,,,,,,,113,0.45227242926360545,pinnacle,,2026-07-19T22:25:17.060712+00:00,0,,,,,True,sharp,0.93,,,,2026-07-04.v13-research1,e7ba65ff4e90d9960a0619d266c10ff5
